f1,recall,fnr,fpr,auprc,accuracy,balanced_acc,precision,specificity,auc,mcc,cm,loss,input_spike_rate,l1_spike_rate,l2_spike_rate,synops,msynops,energy_uj,inference_time_ms,variant,mode,fold,seed,n_test
0.5507246376811594,0.38,0.62,0.0,0.6933333333333334,0.69,0.69,1.0,1.0,0.6933333333333334,0.4843221048378526,"[[150, 0], [93, 57]]",39.20613479614258,0.0033006923466882,0.0220003658195491,0.0742171912888685,172178.80666666667,0.1721788066666666,4.063419837333334,11.514434019724527,Basic,ablation_test,2,42,300
0.8936170212765957,0.84,0.16,0.04,0.9340942086045184,0.9,0.8999999999999999,0.9545454545454546,0.96,0.9413111111111112,0.8058229640253803,"[[144, 6], [24, 126]]",22.991524696350098,0.0216440445929765,0.0862708376099666,0.1807311544318993,871922.2066666667,0.8719222066666666,20.577364077333336,11.603358586629232,No_MAD,ablation_test,4,123,300
0.9178082191780822,0.8933333333333333,0.1066666666666666,0.0533333333333333,0.9324448477410114,0.92,0.92,0.943661971830986,0.9466666666666668,0.9494,0.8411972213451419,"[[142, 8], [16, 134]]",13.923465728759766,0.0137669404471913,0.0636183363944292,0.1707113625357548,593983.02,0.59398302,14.017999272,11.187729835510254,No_Polarity,ablation_test,3,123,300
0.8763250883392226,0.8266666666666667,0.1733333333333333,0.06,0.8930170612200952,0.8833333333333333,0.8833333333333333,0.9323308270676692,0.94,0.9139111111111112,0.7716383155166912,"[[141, 9], [26, 124]]",21.73884010314941,0.0018759199281824,0.0272432825248688,0.1741065705815951,166672.84666666668,0.1666728466666666,3.933479181333333,11.300683816274008,No_MultiScale,ablation_test,0,42,300
0.9297658862876256,0.9266666666666666,0.0733333333333333,0.0666666666666666,0.9375737167135024,0.93,0.93,0.9328859060402684,0.9333333333333332,0.9582444444444445,0.8600191117481717,"[[140, 10], [11, 139]]",16.341744899749756,0.0180761027553429,0.0783251077185074,0.1538304239759842,754079.3866666667,0.7540793866666667,17.796273525333334,11.236053307851156,No_Spatial,ablation_test,3,42,300
0.9041095890410958,0.88,0.12,0.06666666666666667,0.9262152741674965,0.9066666666666666,0.9066666666666667,0.9295774647887324,0.9333333333333333,0.9435333333333333,0.8144925476516452,"[[140, 10], [18, 132]]",17.228360652923584,0.012917140775049726,0.060048023822406926,0.1447077152878046,557789.08,0.5577890799999999,13.163822288,11.221144199371338,Full_AMSTE,ablation_test,3,123,300
